,Original Est.,Bootstrap Mean,Bootstrap SD,T Stat.,2.5% CI,97.5% CI
mi  ->  cm,0.996328249,0.995506673,0.004017027,248.0262573,0.987883057,0.999796702
arvr  ->  mi,-0.150311157,-0.102161743,0.12702542,-1.183315567,-0.231426878,0.124508296
arvr  ->  cm,-0.149759252,-0.101702642,0.126167372,-1.186988759,-0.228741522,0.123838322
ist  ->  mi,-0.049369928,-0.065527199,0.05547062,-0.890019398,-0.132220324,0.042895033
ist  ->  cm,-0.049188653,-0.065264463,0.055135241,-0.892145432,-0.131432936,0.04253014
