"","Original Est.","Bootstrap Mean","Bootstrap SD","T Stat.","2.5% CI","97.5% CI"
"mi  ->  arvr",0.417158873221223,1.02116838311049,1.4439429494443,0.288902600606046,0.388346797556363,4.13574684992422
"mi  ->  ist",0.244217716440905,0.712194500179991,0.984999190940446,0.247936971610843,0.245343908162918,2.85295517706385
"mi  ->  cm",6.86137548861948,47.368271106397,112.539107621838,0.0609688101639793,4.24773287491142,293.569508079114
"arvr  ->  ist",0.252463251266081,0.277009826341893,0.0474174639636339,5.32426726700744,0.212052285309788,0.33453771664467
"arvr  ->  cm",0.7613054857654,1.37256401950421,0.929081309650032,0.819417501846174,0.661362248983558,3.22649141077671
"ist  ->  cm",0.572949341648484,1.66128168836095,2.04064928631625,0.280768158198689,0.421299767882742,6.12381770531157
