"","mi","arvr","ist","apro","cm"
"mi",0.713926581592029,NA,NA,NA,NA
"arvr",-0.152055615064421,0.689252843189732,NA,NA,NA
"ist",0.0943217895596287,-0.0367275488021725,0.360825781888665,NA,NA
"apro",0.168046979267941,-0.0863643236902766,-0.0607991996820686,0.462309953086233,NA
"cm",0.994901470185947,-0.149573335455813,0.100990938031145,0.159770983419541,0.708003806722539
