"","alpha","rhoC","AVE","rhoA"
"mi",-0.157316595039967,0.409722890559256,0.509691163903681,0.731033252495694
"arvr",0.691651306327739,0.659064178596449,0.475069481845129,1.99767083342626
"ist",0.858515005939966,0.224493211907203,0.130195244875567,-0.787625488410518
"apro",0.248146323682522,0.0542709803825071,0.213730492722595,0.0219296299391957
"cm",-0.0535514905080023,0.468464985394393,0.501269390333607,0.728500205874326
